-- phpMyAdmin SQL Dump
-- version 5.2.1
-- https://www.phpmyadmin.net/
--
-- Hôte : localhost
-- Généré le : lun. 10 nov. 2025 à 16:39
-- Version du serveur : 8.0.41
-- Version de PHP : 8.3.2

SET SQL_MODE = "NO_AUTO_VALUE_ON_ZERO";
START TRANSACTION;
SET time_zone = "+00:00";


/*!40101 SET @OLD_CHARACTER_SET_CLIENT=@@CHARACTER_SET_CLIENT */;
/*!40101 SET @OLD_CHARACTER_SET_RESULTS=@@CHARACTER_SET_RESULTS */;
/*!40101 SET @OLD_COLLATION_CONNECTION=@@COLLATION_CONNECTION */;
/*!40101 SET NAMES utf8mb4 */;

--
-- Base de données : `coffee_management_system`
--
CREATE DATABASE IF NOT EXISTS `coffee_management_system` DEFAULT CHARACTER SET utf8mb4 COLLATE utf8mb4_0900_ai_ci;
USE `coffee_management_system`;

-- --------------------------------------------------------

--
-- Structure de la table `analytics_logs`
--

DROP TABLE IF EXISTS `analytics_logs`;
CREATE TABLE `analytics_logs` (
  `log_id` int NOT NULL,
  `order_id` int NOT NULL,
  `cafe_id` int NOT NULL,
  `item_id` int NOT NULL,
  `quantity` int NOT NULL,
  `total_price` decimal(10,2) NOT NULL,
  `timestamp` datetime NOT NULL
) ENGINE=InnoDB DEFAULT CHARSET=utf8mb4 COLLATE=utf8mb4_0900_ai_ci;

--
-- Déchargement des données de la table `analytics_logs`
--

INSERT INTO `analytics_logs` (`log_id`, `order_id`, `cafe_id`, `item_id`, `quantity`, `total_price`, `timestamp`) VALUES
(1, 1, 1, 1, 2, 36.00, '2025-10-25 08:30:00'),
(2, 1, 1, 8, 1, 12.00, '2025-10-25 08:30:00'),
(3, 2, 1, 3, 1, 28.00, '2025-10-25 10:15:00'),
(4, 2, 1, 10, 1, 10.00, '2025-10-25 10:15:00'),
(5, 3, 1, 6, 1, 20.00, '2025-10-25 12:00:00'),
(6, 3, 1, 8, 1, 12.00, '2025-10-25 12:00:00'),
(7, 4, 1, 2, 1, 25.00, '2025-10-25 15:45:00'),
(8, 4, 1, 9, 1, 14.00, '2025-10-25 15:45:00'),
(9, 5, 1, 13, 1, 35.00, '2025-10-25 18:20:00'),
(10, 6, 2, 2, 2, 50.00, '2025-10-25 08:45:00'),
(11, 6, 2, 11, 1, 18.00, '2025-10-25 08:45:00'),
(12, 7, 2, 3, 1, 28.00, '2025-10-25 11:30:00'),
(13, 7, 2, 12, 1, 25.00, '2025-10-25 11:30:00'),
(14, 8, 2, 15, 1, 45.00, '2025-10-25 13:15:00'),
(15, 9, 2, 14, 1, 40.00, '2025-10-25 16:00:00'),
(16, 9, 2, 7, 1, 18.00, '2025-10-25 16:00:00'),
(17, 10, 2, 12, 1, 25.00, '2025-10-25 17:30:00'),
(18, 10, 2, 5, 1, 22.00, '2025-10-25 17:30:00'),
(19, 11, 2, 3, 2, 56.00, '2025-10-25 19:45:00'),
(20, 12, 3, 15, 1, 45.00, '2025-10-25 07:30:00'),
(21, 12, 3, 2, 1, 25.00, '2025-10-25 07:30:00'),
(22, 13, 3, 14, 2, 80.00, '2025-10-25 09:15:00'),
(23, 13, 3, 16, 1, 8.00, '2025-10-25 09:15:00'),
(24, 14, 3, 12, 1, 25.00, '2025-10-25 11:00:00'),
(25, 14, 3, 3, 1, 28.00, '2025-10-25 11:00:00'),
(26, 14, 3, 11, 1, 18.00, '2025-10-25 11:00:00'),
(27, 15, 3, 2, 2, 50.00, '2025-10-25 12:45:00'),
(28, 15, 3, 11, 1, 18.00, '2025-10-25 12:45:00'),
(29, 15, 3, 8, 1, 12.00, '2025-10-25 12:45:00'),
(30, 16, 3, 15, 1, 45.00, '2025-10-25 14:30:00'),
(31, 16, 3, 13, 1, 35.00, '2025-10-25 14:30:00'),
(32, 16, 3, 6, 1, 20.00, '2025-10-25 14:30:00'),
(33, 17, 3, 14, 2, 80.00, '2025-10-25 16:15:00'),
(34, 17, 3, 6, 1, 20.00, '2025-10-25 16:15:00'),
(35, 18, 3, 12, 1, 25.00, '2025-10-25 18:00:00'),
(36, 18, 3, 5, 1, 22.00, '2025-10-25 18:00:00'),
(37, 19, 3, 3, 3, 84.00, '2025-10-25 20:30:00'),
(64, 1, 1, 1, 2, 36.00, '2025-10-25 08:30:00'),
(65, 1, 1, 8, 1, 12.00, '2025-10-25 08:30:00'),
(66, 2, 1, 3, 1, 28.00, '2025-10-25 10:15:00'),
(67, 2, 1, 10, 1, 10.00, '2025-10-25 10:15:00'),
(68, 3, 1, 6, 1, 20.00, '2025-10-25 12:00:00'),
(69, 3, 1, 8, 1, 12.00, '2025-10-25 12:00:00'),
(70, 4, 1, 2, 1, 25.00, '2025-10-25 15:45:00'),
(71, 4, 1, 9, 1, 14.00, '2025-10-25 15:45:00'),
(72, 5, 1, 13, 1, 22.00, '2025-10-25 18:20:00'),
(73, 6, 2, 2, 2, 50.00, '2025-10-25 08:45:00'),
(74, 6, 2, 11, 1, 18.00, '2025-10-25 08:45:00'),
(75, 7, 2, 3, 1, 28.00, '2025-10-25 11:30:00'),
(76, 7, 2, 12, 1, 25.00, '2025-10-25 11:30:00'),
(77, 8, 2, 15, 1, 40.00, '2025-10-25 13:15:00'),
(78, 9, 2, 14, 1, 35.00, '2025-10-25 16:00:00'),
(79, 9, 2, 7, 1, 18.00, '2025-10-25 16:00:00'),
(80, 10, 2, 12, 1, 25.00, '2025-10-25 17:30:00'),
(81, 10, 2, 5, 1, 22.00, '2025-10-25 17:30:00'),
(82, 11, 2, 3, 2, 56.00, '2025-10-25 19:45:00'),
(83, 12, 3, 15, 1, 40.00, '2025-10-25 07:30:00'),
(84, 12, 3, 2, 1, 25.00, '2025-10-25 07:30:00'),
(85, 13, 3, 14, 2, 70.00, '2025-10-25 09:15:00'),
(86, 13, 3, 16, 1, 45.00, '2025-10-25 09:15:00'),
(87, 14, 3, 12, 1, 25.00, '2025-10-25 11:00:00'),
(88, 14, 3, 3, 1, 28.00, '2025-10-25 11:00:00'),
(89, 14, 3, 11, 1, 18.00, '2025-10-25 11:00:00'),
(90, 15, 3, 2, 2, 50.00, '2025-10-25 12:45:00'),
(91, 15, 3, 11, 1, 18.00, '2025-10-25 12:45:00'),
(92, 15, 3, 8, 1, 12.00, '2025-10-25 12:45:00'),
(93, 16, 3, 15, 1, 40.00, '2025-10-25 14:30:00'),
(94, 16, 3, 13, 1, 22.00, '2025-10-25 14:30:00'),
(95, 16, 3, 6, 1, 20.00, '2025-10-25 14:30:00'),
(96, 17, 3, 14, 2, 70.00, '2025-10-25 16:15:00'),
(97, 17, 3, 6, 1, 20.00, '2025-10-25 16:15:00'),
(98, 18, 3, 12, 1, 25.00, '2025-10-25 18:00:00'),
(99, 18, 3, 5, 1, 22.00, '2025-10-25 18:00:00'),
(100, 19, 3, 3, 3, 84.00, '2025-10-25 20:30:00'),
(101, 20, 1, 1, 1, 18.00, '2025-10-26 08:45:00'),
(102, 20, 1, 6, 2, 24.00, '2025-10-26 08:45:00'),
(103, 21, 1, 2, 1, 25.00, '2025-10-26 11:20:00'),
(104, 21, 1, 7, 1, 14.00, '2025-10-26 11:20:00'),
(105, 22, 1, 3, 1, 28.00, '2025-10-26 13:15:00'),
(106, 22, 1, 8, 1, 12.00, '2025-10-26 13:15:00'),
(107, 23, 1, 1, 2, 36.00, '2025-10-26 16:30:00'),
(108, 24, 1, 6, 1, 12.00, '2025-10-26 19:00:00'),
(109, 24, 1, 2, 1, 25.00, '2025-10-26 19:00:00'),
(110, 25, 2, 13, 1, 35.00, '2025-10-26 09:30:00'),
(111, 26, 2, 3, 1, 28.00, '2025-10-26 12:15:00'),
(112, 26, 2, 12, 1, 25.00, '2025-10-26 12:15:00'),
(113, 27, 2, 2, 1, 25.00, '2025-10-26 14:00:00'),
(114, 27, 2, 11, 1, 35.00, '2025-10-26 14:00:00'),
(115, 28, 2, 5, 1, 22.00, '2025-10-26 15:45:00'),
(116, 28, 2, 3, 1, 28.00, '2025-10-26 15:45:00'),
(117, 29, 2, 12, 1, 25.00, '2025-10-26 17:30:00'),
(118, 29, 2, 7, 1, 14.00, '2025-10-26 17:30:00'),
(119, 30, 2, 3, 2, 56.00, '2025-10-26 20:15:00'),
(120, 31, 3, 2, 1, 25.00, '2025-10-26 07:45:00'),
(121, 31, 3, 15, 1, 18.00, '2025-10-26 07:45:00'),
(122, 32, 3, 11, 1, 35.00, '2025-10-26 10:30:00'),
(123, 32, 3, 6, 1, 12.00, '2025-10-26 10:30:00'),
(124, 33, 3, 3, 1, 28.00, '2025-10-26 12:45:00'),
(125, 33, 3, 5, 1, 22.00, '2025-10-26 12:45:00'),
(126, 34, 3, 12, 1, 25.00, '2025-10-26 14:30:00'),
(127, 34, 3, 14, 1, 25.00, '2025-10-26 14:30:00'),
(128, 35, 3, 7, 1, 14.00, '2025-10-26 16:15:00'),
(129, 35, 3, 8, 1, 12.00, '2025-10-26 16:15:00'),
(130, 36, 3, 10, 2, 56.00, '2025-10-26 18:00:00'),
(131, 36, 3, 11, 1, 35.00, '2025-10-26 18:00:00'),
(132, 37, 3, 3, 1, 28.00, '2025-10-26 19:45:00'),
(133, 37, 3, 14, 2, 50.00, '2025-10-26 19:45:00'),
(134, 38, 3, 5, 1, 22.00, '2025-10-26 21:00:00'),
(135, 38, 3, 12, 1, 25.00, '2025-10-26 21:00:00'),
(136, 39, 1, 15, 1, 18.00, '2025-10-27 08:30:00'),
(137, 39, 1, 6, 1, 12.00, '2025-10-27 08:30:00'),
(138, 40, 1, 3, 2, 56.00, '2025-10-27 10:45:00'),
(139, 40, 1, 2, 1, 25.00, '2025-10-27 10:45:00'),
(140, 41, 1, 13, 1, 35.00, '2025-10-27 13:00:00'),
(141, 41, 1, 14, 1, 25.00, '2025-10-27 13:00:00'),
(142, 42, 1, 11, 1, 35.00, '2025-10-27 15:30:00'),
(143, 42, 1, 10, 1, 28.00, '2025-10-27 15:30:00'),
(144, 43, 1, 5, 2, 44.00, '2025-10-27 18:15:00'),
(145, 43, 1, 12, 1, 25.00, '2025-10-27 18:15:00'),
(146, 44, 2, 14, 1, 25.00, '2025-10-27 09:00:00'),
(147, 44, 2, 16, 1, 20.00, '2025-10-27 09:00:00'),
(148, 45, 2, 2, 2, 50.00, '2025-10-27 11:30:00'),
(149, 45, 2, 3, 1, 28.00, '2025-10-27 11:30:00'),
(150, 46, 2, 5, 1, 22.00, '2025-10-27 13:45:00'),
(151, 46, 2, 11, 1, 35.00, '2025-10-27 13:45:00'),
(152, 47, 2, 12, 1, 25.00, '2025-10-27 15:00:00'),
(153, 47, 2, 15, 1, 18.00, '2025-10-27 15:00:00'),
(154, 48, 2, 3, 2, 56.00, '2025-10-27 16:30:00'),
(155, 48, 2, 14, 1, 25.00, '2025-10-27 16:30:00'),
(156, 49, 2, 1, 1, 18.00, '2025-10-27 18:45:00'),
(157, 49, 2, 6, 2, 24.00, '2025-10-27 18:45:00'),
(158, 50, 2, 2, 1, 25.00, '2025-10-27 20:00:00'),
(159, 50, 2, 7, 1, 14.00, '2025-10-27 20:00:00'),
(160, 51, 3, 13, 2, 70.00, '2025-10-27 07:15:00'),
(161, 52, 3, 3, 1, 28.00, '2025-10-27 09:45:00'),
(162, 52, 3, 11, 2, 70.00, '2025-10-27 09:45:00'),
(163, 53, 3, 5, 1, 22.00, '2025-10-27 12:00:00'),
(164, 53, 3, 14, 1, 25.00, '2025-10-27 12:00:00'),
(165, 54, 3, 12, 2, 50.00, '2025-10-27 13:30:00'),
(166, 54, 3, 16, 1, 20.00, '2025-10-27 13:30:00'),
(167, 55, 3, 2, 1, 25.00, '2025-10-27 15:15:00'),
(168, 55, 3, 3, 2, 56.00, '2025-10-27 15:15:00'),
(169, 56, 3, 15, 1, 18.00, '2025-10-27 17:00:00'),
(170, 56, 3, 6, 2, 24.00, '2025-10-27 17:00:00'),
(171, 57, 3, 11, 2, 70.00, '2025-10-27 18:45:00'),
(172, 58, 3, 12, 1, 25.00, '2025-10-27 20:30:00'),
(173, 58, 3, 14, 1, 25.00, '2025-10-27 20:30:00'),
(174, 59, 3, 3, 3, 84.00, '2025-10-27 21:45:00');

-- --------------------------------------------------------

--
-- Structure de la table `cafes`
--

DROP TABLE IF EXISTS `cafes`;
CREATE TABLE `cafes` (
  `cafe_id` int NOT NULL,
  `name` varchar(100) NOT NULL,
  `location` varchar(100) NOT NULL,
  `access_code` varchar(20) NOT NULL
) ENGINE=InnoDB DEFAULT CHARSET=utf8mb4 COLLATE=utf8mb4_0900_ai_ci;

--
-- Déchargement des données de la table `cafes`
--

INSERT INTO `cafes` (`cafe_id`, `name`, `location`, `access_code`) VALUES
(1, 'Café Dakhla', 'Dakhla', 'DK456'),
(2, 'Café Salam', 'Salam', 'SL789'),
(3, 'Agadir Bay Café', 'Agadir Bay', 'AG123');

-- --------------------------------------------------------

--
-- Structure de la table `inventory`
--

DROP TABLE IF EXISTS `inventory`;
CREATE TABLE `inventory` (
  `inventory_id` int NOT NULL,
  `item_id` int NOT NULL,
  `cafe_id` int NOT NULL,
  `stock` int NOT NULL,
  `restock_date` date NOT NULL
) ENGINE=InnoDB DEFAULT CHARSET=utf8mb4 COLLATE=utf8mb4_0900_ai_ci;

--
-- Déchargement des données de la table `inventory`
--

INSERT INTO `inventory` (`inventory_id`, `item_id`, `cafe_id`, `stock`, `restock_date`) VALUES
(1, 1, 1, 50, '2025-10-25'),
(2, 2, 1, 40, '2025-10-25'),
(3, 3, 1, 35, '2025-10-25'),
(4, 4, 1, 60, '2025-10-25'),
(5, 5, 1, 45, '2025-10-25'),
(6, 6, 1, 55, '2025-10-25'),
(7, 7, 1, 50, '2025-10-25'),
(8, 8, 1, 30, '2025-10-25'),
(9, 9, 1, 25, '2025-10-25'),
(10, 10, 1, 20, '2025-10-25'),
(11, 11, 1, 15, '2025-10-25'),
(12, 12, 1, 12, '2025-10-25'),
(13, 13, 1, 18, '2025-10-25'),
(14, 14, 1, 22, '2025-10-25'),
(15, 15, 1, 16, '2025-10-25'),
(16, 16, 1, 40, '2025-10-25'),
(17, 1, 2, 80, '2025-10-25'),
(18, 2, 2, 70, '2025-10-25'),
(19, 3, 2, 65, '2025-10-25'),
(20, 4, 2, 90, '2025-10-25'),
(21, 5, 2, 75, '2025-10-25'),
(22, 6, 2, 85, '2025-10-25'),
(23, 7, 2, 80, '2025-10-25'),
(24, 8, 2, 50, '2025-10-25'),
(25, 9, 2, 45, '2025-10-25'),
(26, 10, 2, 35, '2025-10-25'),
(27, 11, 2, 25, '2025-10-25'),
(28, 12, 2, 20, '2025-10-25'),
(29, 13, 2, 28, '2025-10-25'),
(30, 14, 2, 32, '2025-10-25'),
(31, 15, 2, 24, '2025-10-25'),
(32, 16, 2, 60, '2025-10-25'),
(33, 1, 3, 120, '2025-10-25'),
(34, 2, 3, 100, '2025-10-25'),
(35, 3, 3, 95, '2025-10-25'),
(36, 4, 3, 130, '2025-10-25'),
(37, 5, 3, 105, '2025-10-25'),
(38, 6, 3, 115, '2025-10-25'),
(39, 7, 3, 110, '2025-10-25'),
(40, 8, 3, 80, '2025-10-25'),
(41, 9, 3, 70, '2025-10-25'),
(42, 10, 3, 55, '2025-10-25'),
(43, 11, 3, 40, '2025-10-25'),
(44, 12, 3, 35, '2025-10-25'),
(45, 13, 3, 45, '2025-10-25'),
(46, 14, 3, 50, '2025-10-25'),
(47, 15, 3, 38, '2025-10-25'),
(48, 16, 3, 90, '2025-10-25'),
(49, 17, 1, 20, '2025-10-25'),
(50, 17, 2, 30, '2025-10-25'),
(51, 17, 3, 50, '2025-10-25');

-- --------------------------------------------------------

--
-- Structure de la table `menu_items`
--

DROP TABLE IF EXISTS `menu_items`;
CREATE TABLE `menu_items` (
  `item_id` int NOT NULL,
  `name` varchar(100) NOT NULL,
  `category` varchar(50) NOT NULL,
  `price` decimal(10,2) NOT NULL
) ENGINE=InnoDB DEFAULT CHARSET=utf8mb4 COLLATE=utf8mb4_0900_ai_ci;

--
-- Déchargement des données de la table `menu_items`
--

INSERT INTO `menu_items` (`item_id`, `name`, `category`, `price`) VALUES
(1, 'Espresso', 'Boisson', 18.00),
(2, 'Cappuccino', 'Boisson', 25.00),
(3, 'Café Latte', 'Boisson', 28.00),
(4, 'Café Noir', 'Boisson', 15.00),
(5, 'Café Crème', 'Boisson', 22.00),
(6, 'Thé à la Menthe', 'Boisson', 20.00),
(7, 'Thé Vert', 'Boisson', 18.00),
(8, 'Croissant', 'Viennoiserie', 12.00),
(9, 'Pain au Chocolat', 'Viennoiserie', 14.00),
(10, 'Brioche', 'Viennoiserie', 10.00),
(11, 'Muffin Chocolat', 'Pâtisserie', 18.00),
(12, 'Cheesecake', 'Pâtisserie', 25.00),
(13, 'Tarte aux Pommes', 'Pâtisserie', 22.00),
(14, 'Sandwich Jambon-Fromage', 'Sandwich', 35.00),
(15, 'Panini Poulet', 'Sandwich', 40.00),
(16, 'Salade César', 'Salade', 45.00),
(17, 'Cookie', 'Snack', 8.00);

-- --------------------------------------------------------

--
-- Structure de la table `orders`
--

DROP TABLE IF EXISTS `orders`;
CREATE TABLE `orders` (
  `order_id` int NOT NULL,
  `cafe_id` int NOT NULL,
  `total_price` decimal(10,2) NOT NULL,
  `created_at` datetime NOT NULL
) ENGINE=InnoDB DEFAULT CHARSET=utf8mb4 COLLATE=utf8mb4_0900_ai_ci;

--
-- Déchargement des données de la table `orders`
--

INSERT INTO `orders` (`order_id`, `cafe_id`, `total_price`, `created_at`) VALUES
(1, 1, 48.00, '2025-10-25 08:30:00'),
(2, 1, 38.00, '2025-10-25 10:15:00'),
(3, 1, 32.00, '2025-10-25 12:00:00'),
(4, 1, 39.00, '2025-10-25 15:45:00'),
(5, 1, 22.00, '2025-10-25 18:20:00'),
(6, 2, 68.00, '2025-10-25 08:45:00'),
(7, 2, 53.00, '2025-10-25 11:30:00'),
(8, 2, 40.00, '2025-10-25 13:15:00'),
(9, 2, 53.00, '2025-10-25 16:00:00'),
(10, 2, 47.00, '2025-10-25 17:30:00'),
(11, 2, 56.00, '2025-10-25 19:45:00'),
(12, 3, 65.00, '2025-10-25 07:30:00'),
(13, 3, 115.00, '2025-10-25 09:15:00'),
(14, 3, 71.00, '2025-10-25 11:00:00'),
(15, 3, 80.00, '2025-10-25 12:45:00'),
(16, 3, 82.00, '2025-10-25 14:30:00'),
(17, 3, 90.00, '2025-10-25 16:15:00'),
(18, 3, 47.00, '2025-10-25 18:00:00'),
(19, 3, 84.00, '2025-10-25 20:30:00'),
(20, 1, 58.00, '2025-10-26 08:45:00'),
(21, 1, 43.00, '2025-10-26 11:20:00'),
(22, 1, 40.00, '2025-10-26 13:15:00'),
(23, 1, 36.00, '2025-10-26 16:30:00'),
(24, 1, 45.00, '2025-10-26 19:00:00'),
(25, 2, 22.00, '2025-10-26 09:30:00'),
(26, 2, 53.00, '2025-10-26 12:15:00'),
(27, 2, 43.00, '2025-10-26 14:00:00'),
(28, 2, 50.00, '2025-10-26 15:45:00'),
(29, 2, 43.00, '2025-10-26 17:30:00'),
(30, 2, 56.00, '2025-10-26 20:15:00'),
(31, 3, 65.00, '2025-10-26 07:45:00'),
(32, 3, 38.00, '2025-10-26 10:30:00'),
(33, 3, 50.00, '2025-10-26 12:45:00'),
(34, 3, 60.00, '2025-10-26 14:30:00'),
(35, 3, 30.00, '2025-10-26 16:15:00'),
(36, 3, 38.00, '2025-10-26 18:00:00'),
(37, 3, 98.00, '2025-10-26 19:45:00'),
(38, 3, 47.00, '2025-10-26 21:00:00'),
(39, 1, 60.00, '2025-10-27 08:30:00'),
(40, 1, 81.00, '2025-10-27 10:45:00'),
(41, 1, 57.00, '2025-10-27 13:00:00'),
(42, 1, 28.00, '2025-10-27 15:30:00'),
(43, 1, 69.00, '2025-10-27 18:15:00'),
(44, 2, 80.00, '2025-10-27 09:00:00'),
(45, 2, 78.00, '2025-10-27 11:30:00'),
(46, 2, 40.00, '2025-10-27 13:45:00'),
(47, 2, 65.00, '2025-10-27 15:00:00'),
(48, 2, 91.00, '2025-10-27 16:30:00'),
(49, 2, 58.00, '2025-10-27 18:45:00'),
(50, 2, 43.00, '2025-10-27 20:00:00'),
(51, 3, 44.00, '2025-10-27 07:15:00'),
(52, 3, 64.00, '2025-10-27 09:45:00'),
(53, 3, 57.00, '2025-10-27 12:00:00'),
(54, 3, 95.00, '2025-10-27 13:30:00'),
(55, 3, 81.00, '2025-10-27 15:15:00'),
(56, 3, 80.00, '2025-10-27 17:00:00'),
(57, 3, 36.00, '2025-10-27 18:45:00'),
(58, 3, 60.00, '2025-10-27 20:30:00'),
(59, 3, 84.00, '2025-10-27 21:45:00');

-- --------------------------------------------------------

--
-- Structure de la table `order_items`
--

DROP TABLE IF EXISTS `order_items`;
CREATE TABLE `order_items` (
  `order_item_id` int NOT NULL,
  `order_id` int NOT NULL,
  `item_id` int NOT NULL,
  `quantity` int NOT NULL,
  `price` decimal(10,2) NOT NULL
) ENGINE=InnoDB DEFAULT CHARSET=utf8mb4 COLLATE=utf8mb4_0900_ai_ci;

--
-- Déchargement des données de la table `order_items`
--

INSERT INTO `order_items` (`order_item_id`, `order_id`, `item_id`, `quantity`, `price`) VALUES
(1, 1, 1, 2, 36.00),
(2, 1, 8, 1, 12.00),
(3, 2, 3, 1, 28.00),
(4, 2, 10, 1, 10.00),
(5, 3, 6, 1, 20.00),
(6, 3, 8, 1, 12.00),
(7, 4, 2, 1, 25.00),
(8, 4, 9, 1, 14.00),
(9, 5, 13, 1, 22.00),
(10, 6, 2, 2, 50.00),
(11, 6, 11, 1, 18.00),
(12, 7, 3, 1, 28.00),
(13, 7, 12, 1, 25.00),
(14, 8, 15, 1, 40.00),
(15, 9, 14, 1, 35.00),
(16, 9, 7, 1, 18.00),
(17, 10, 12, 1, 25.00),
(18, 10, 5, 1, 22.00),
(19, 11, 3, 2, 56.00),
(20, 12, 15, 1, 40.00),
(21, 12, 2, 1, 25.00),
(22, 13, 14, 2, 70.00),
(23, 13, 16, 1, 45.00),
(24, 14, 12, 1, 25.00),
(25, 14, 3, 1, 28.00),
(26, 14, 11, 1, 18.00),
(27, 15, 2, 2, 50.00),
(28, 15, 11, 1, 18.00),
(29, 15, 8, 1, 12.00),
(30, 16, 15, 1, 40.00),
(31, 16, 13, 1, 22.00),
(32, 16, 6, 1, 20.00),
(33, 17, 14, 2, 70.00),
(34, 17, 6, 1, 20.00),
(35, 18, 12, 1, 25.00),
(36, 18, 5, 1, 22.00),
(37, 19, 3, 3, 84.00),
(38, 20, 1, 1, 18.00),
(39, 20, 6, 2, 40.00),
(40, 21, 2, 1, 25.00),
(41, 21, 7, 1, 18.00),
(42, 22, 3, 1, 28.00),
(43, 22, 8, 1, 12.00),
(44, 23, 1, 2, 36.00),
(45, 24, 6, 1, 20.00),
(46, 24, 2, 1, 25.00),
(47, 25, 13, 1, 22.00),
(48, 26, 3, 1, 28.00),
(49, 26, 12, 1, 25.00),
(50, 27, 2, 1, 25.00),
(51, 27, 11, 1, 18.00),
(52, 28, 5, 1, 22.00),
(53, 28, 3, 1, 28.00),
(54, 29, 12, 1, 25.00),
(55, 29, 7, 1, 18.00),
(56, 30, 3, 2, 56.00),
(57, 31, 2, 1, 25.00),
(58, 31, 15, 1, 40.00),
(59, 32, 11, 1, 18.00),
(60, 32, 6, 1, 20.00),
(61, 33, 3, 1, 28.00),
(62, 33, 5, 1, 22.00),
(63, 34, 12, 1, 25.00),
(64, 34, 14, 1, 35.00),
(65, 35, 7, 1, 18.00),
(66, 35, 8, 1, 12.00),
(67, 36, 10, 2, 20.00),
(68, 36, 11, 1, 18.00),
(69, 37, 3, 1, 28.00),
(70, 37, 14, 2, 70.00),
(71, 38, 5, 1, 22.00),
(72, 38, 12, 1, 25.00),
(73, 39, 15, 1, 40.00),
(74, 39, 6, 1, 20.00),
(75, 40, 3, 2, 56.00),
(76, 40, 2, 1, 25.00),
(77, 41, 13, 1, 22.00),
(78, 41, 14, 1, 35.00),
(79, 42, 11, 1, 18.00),
(80, 42, 10, 1, 10.00),
(81, 43, 5, 2, 44.00),
(82, 43, 12, 1, 25.00),
(83, 44, 14, 1, 35.00),
(84, 44, 16, 1, 45.00),
(85, 45, 2, 2, 50.00),
(86, 45, 3, 1, 28.00),
(87, 46, 5, 1, 22.00),
(88, 46, 11, 1, 18.00),
(89, 47, 12, 1, 25.00),
(90, 47, 15, 1, 40.00),
(91, 48, 3, 2, 56.00),
(92, 48, 14, 1, 35.00),
(93, 49, 1, 1, 18.00),
(94, 49, 6, 2, 40.00),
(95, 50, 2, 1, 25.00),
(96, 50, 7, 1, 18.00),
(97, 51, 13, 2, 44.00),
(98, 52, 3, 1, 28.00),
(99, 52, 11, 2, 36.00),
(100, 53, 5, 1, 22.00),
(101, 53, 14, 1, 35.00),
(102, 54, 12, 2, 50.00),
(103, 54, 16, 1, 45.00),
(104, 55, 2, 1, 25.00),
(105, 55, 3, 2, 56.00),
(106, 56, 15, 1, 40.00),
(107, 56, 6, 2, 40.00),
(108, 57, 11, 2, 36.00),
(109, 58, 12, 1, 25.00),
(110, 58, 14, 1, 35.00),
(111, 59, 3, 3, 84.00);

--
-- Index pour les tables déchargées
--

--
-- Index pour la table `analytics_logs`
--
ALTER TABLE `analytics_logs`
  ADD PRIMARY KEY (`log_id`),
  ADD KEY `order_id` (`order_id`),
  ADD KEY `cafe_id` (`cafe_id`),
  ADD KEY `item_id` (`item_id`);

--
-- Index pour la table `cafes`
--
ALTER TABLE `cafes`
  ADD PRIMARY KEY (`cafe_id`),
  ADD UNIQUE KEY `access_code` (`access_code`);

--
-- Index pour la table `inventory`
--
ALTER TABLE `inventory`
  ADD PRIMARY KEY (`inventory_id`),
  ADD KEY `item_id` (`item_id`),
  ADD KEY `cafe_id` (`cafe_id`);

--
-- Index pour la table `menu_items`
--
ALTER TABLE `menu_items`
  ADD PRIMARY KEY (`item_id`);

--
-- Index pour la table `orders`
--
ALTER TABLE `orders`
  ADD PRIMARY KEY (`order_id`),
  ADD KEY `cafe_id` (`cafe_id`);

--
-- Index pour la table `order_items`
--
ALTER TABLE `order_items`
  ADD PRIMARY KEY (`order_item_id`),
  ADD KEY `order_id` (`order_id`),
  ADD KEY `item_id` (`item_id`);

--
-- AUTO_INCREMENT pour les tables déchargées
--

--
-- AUTO_INCREMENT pour la table `analytics_logs`
--
ALTER TABLE `analytics_logs`
  MODIFY `log_id` int NOT NULL AUTO_INCREMENT, AUTO_INCREMENT=175;

--
-- AUTO_INCREMENT pour la table `cafes`
--
ALTER TABLE `cafes`
  MODIFY `cafe_id` int NOT NULL AUTO_INCREMENT, AUTO_INCREMENT=4;

--
-- AUTO_INCREMENT pour la table `inventory`
--
ALTER TABLE `inventory`
  MODIFY `inventory_id` int NOT NULL AUTO_INCREMENT, AUTO_INCREMENT=52;

--
-- AUTO_INCREMENT pour la table `menu_items`
--
ALTER TABLE `menu_items`
  MODIFY `item_id` int NOT NULL AUTO_INCREMENT, AUTO_INCREMENT=18;

--
-- AUTO_INCREMENT pour la table `orders`
--
ALTER TABLE `orders`
  MODIFY `order_id` int NOT NULL AUTO_INCREMENT, AUTO_INCREMENT=60;

--
-- AUTO_INCREMENT pour la table `order_items`
--
ALTER TABLE `order_items`
  MODIFY `order_item_id` int NOT NULL AUTO_INCREMENT, AUTO_INCREMENT=112;

--
-- Contraintes pour les tables déchargées
--

--
-- Contraintes pour la table `analytics_logs`
--
ALTER TABLE `analytics_logs`
  ADD CONSTRAINT `analytics_logs_ibfk_1` FOREIGN KEY (`order_id`) REFERENCES `orders` (`order_id`),
  ADD CONSTRAINT `analytics_logs_ibfk_2` FOREIGN KEY (`cafe_id`) REFERENCES `cafes` (`cafe_id`),
  ADD CONSTRAINT `analytics_logs_ibfk_3` FOREIGN KEY (`item_id`) REFERENCES `menu_items` (`item_id`);

--
-- Contraintes pour la table `inventory`
--
ALTER TABLE `inventory`
  ADD CONSTRAINT `inventory_ibfk_1` FOREIGN KEY (`item_id`) REFERENCES `menu_items` (`item_id`),
  ADD CONSTRAINT `inventory_ibfk_2` FOREIGN KEY (`cafe_id`) REFERENCES `cafes` (`cafe_id`);

--
-- Contraintes pour la table `orders`
--
ALTER TABLE `orders`
  ADD CONSTRAINT `orders_ibfk_1` FOREIGN KEY (`cafe_id`) REFERENCES `cafes` (`cafe_id`);

--
-- Contraintes pour la table `order_items`
--
ALTER TABLE `order_items`
  ADD CONSTRAINT `order_items_ibfk_1` FOREIGN KEY (`order_id`) REFERENCES `orders` (`order_id`),
  ADD CONSTRAINT `order_items_ibfk_2` FOREIGN KEY (`item_id`) REFERENCES `menu_items` (`item_id`);
COMMIT;

/*!40101 SET CHARACTER_SET_CLIENT=@OLD_CHARACTER_SET_CLIENT */;
/*!40101 SET CHARACTER_SET_RESULTS=@OLD_CHARACTER_SET_RESULTS */;
/*!40101 SET COLLATION_CONNECTION=@OLD_COLLATION_CONNECTION */;
